{"2017-11-11": {"55": 0.2068326082305114, "57": 0.2640991262855592, "56": 0.35699130065775514, "58": 0.7039669035465252}}